ProductName,Quantity,GrossAmount
Abdominal Ultrasound,46,86400
Abdomino-Pelvic Ultrasound,52,147500
Abgenta (Gentamycin) drops 10ml,38,1900
ABZ (Albendazole) tabs 400mg,21,950
ABZ-Albendazole susp 10ml-Syp-10ml,2133,106650
ABZ-Albendazole tabs 400mg-Tab-400mg,499,24639
Ace 125-Paracetamol supp 125mg-Supp-125mg,684,35266
Ace 250-Paracetamol supp 250mg-Supp-250mg,1029,108350
Acedol-Paracetamol 500mg-Tab-500mg,59153,322314
Acinet (Amoxicillin/Clavulanic Acid) 457 Dry Syrup 100ml,1,600
Acinet (Amoxicillin/Clavulanic Acid) Dry Syrup 228mg/5ml 100ml,5,1500
Acinet-Amoxicillin/Clavulanate susp 228mg/5ml 70ml-Syp-228mg/5ml-70ml,504,146060
Acinet-Amoxicillin/Clavulanate susp 457ml/5ml 70ml-Syp-457ml/5ml-70ml,357,203350
Actrapid-Soluble Insulin i.v 10ml-IV,59,5900
Actrapid-Soluble Insulin i.v 10ml-IV-10ml,58,8650
Acufen XP -Aceclofenac/Paracetamol-Tab-100mg/325mg-30's,8055,218178
Adol (Paracetamol) supp 125mg,15,1469
Adol (Paracetamol) supp 250mg,3,300
Adraz -Adrenaline inj 1ml-Inj-1ml,16,4950
Advance rescue capsules,20,1000
Advantan cream  15g - Methylprednisolone Aceponate crm 15g,4,5000
Aerius-Desloratidine syp 60ml-Syp-60ml,1029,633575
Aerius-Desloratidine tabs 5mg-Tab-5mg,5624,578405
Albuzol (Albendazole) tabs 400mg,6,300
Aldactone (Spironolactone) tabs 25mg,20,600
Alkaline Phosphatase,1,900
Allercol (Piriton) tabs 4mg,85,85
Allervit-Chlopheniramine inj 10mg/ml-Inj-10mg/1ml,10,3150
ALT/GPT without pyp,1,800
Alugel-Magnesium trisilicate/alluminium hydroxide-Syp,161,16200
Amax-Amlodipine tabs 10mg-Tab-10mg,820,11054
Amax-Amlodipine tabs 5mg-Tab-5mg,2316,24732
Ambrolyt-Ambroxol syp 100ml-Syp-100ml,2,563
Ambrox-Ambroxol syp 100ml-Syp- 100ml,230,57500
Amizole-Metronidazole susp 100ml-Syp-100ml,61,7100
Amlozaar H- Amlodipine 5mg/Losartan Pottasium 50mg/Hydrochlorothiazide 12.5mg- Tab,2261,150225
Amlozaar Plain (Amlodipine/Losartan 5mg/50mg),209,2950
Amoklavin 625-Amoxicillin/Clavulanic Acid tabs 625mg-Tab-625mg,9613,627934
Amoklavin-Amoxicillin/Clavulanate susp 228mg/5ml 70ml-Syp-228mg/5ml-70ml,525,246856
Amoxiclav-Moxaclav Tabs 625mg-10's,1310,39300
Amoxil (Amoxicillin) Caps 250 mg,30,420
Amoxil (Amoxicillin) syp 125mg/5ml 100ml,11,4950
Amoxil Forte (Amoxicillin) syp 250mg 100ml,1,674
Amoxil-Amoxicillin 125mg susp-Syp-125mg,704,263208
Amoxil-Amoxicillin 250mg susp-Syp-250mg,678,300100
Amoxil-Amoxicillin caps 500mg-Cap-500mg,4112,123584
Amoximed-Amoxicillin caps 500mg-Cap-500mg,15,150
Ampiclo Dawa-Ampicillin/Cloxacillin caps 500mg-Cap-500mg,2339,23793
Ampiclo Dawa-Ampicillin/Cloxacillin susp 0.6mg/1ml 10ml-Syp-0.6mg/1ml-10ml,24,3000
Ampiclo Dawa-Ampicillin/Cloxacillin syp 100ml-Syp-250mg-100ml,115,17326
Ampiclox Neonatal (Ampicillin/Cloxacillin) drops 8ml,19,8360
Ampiclox neonatal-Ampicillin/Cloxacillin susp 0.6mg/1ml 10ml-Syp-0.6mg/1ml-10ml,42,18900
Ampiclox-Ampicillin/Cloxacillin caps 500mg-Cap-500mg,2294,49380
Ampiclox-Ampicillin/Cloxacillin syp 100ml-Syp-200mg-100ml,116,83150
Amylase-pancreatic,1,1200
Anamint Gel-Metronidazole 20g/Chlohexidine 0.25%,10,3375
ANC Follow Up,560,167427
ANC Profile,358,549538
Andolex Mouth Wash,1,1625
Andrin- Ephedrine paed nasal drops-10ml,1,100
Angilock Plus-Losartan/Hydrochlorthiazide tabs 50mg/12.5mg-Tab-50mg/12.5mg,1324,27080
Angilock-Losartan tabs 50mg-Tab-50mg,171,2685
Anomex-Hydrocortisone/Lidocaine/Zinc Oxide/Allantoin-Suppositories,5,300
Antara Health Medical Consultation,3,0
Anterior Filling,1,3000
Anti rabbies Vaccine,19,15200
Anti-ccp,1,3000
Anti-dsDNA,1,2800
Anusol Ointment 25g-Zinc Oxide/Bismuth/Balsam-Oint-25g,16,12800
Anustat-Hydrocortisone/Cinchocaine oint 30gm-Oint-30gms,97,45100
AON Consultation (No Copay),77,75460
APA Consultation,740,661740
APA Consultation (Copay 100),76,68400
APA Consultation (Copay 200),9,8100
APA Consultation (Copay 250),1,900
APA Consultation (Copay 300),131,117900
APA Consultation (Copay 500),3,2700
APA Consultation (no copay),740,665100
Apresoline (Hydralalazine) inj 20mg 2ml,3,2258
Aristofol- FE - Ferrous Sulphate 100mg plus Folic Acid 350mcg-Tablets,24979,124895
Artefan (Arthemether/Lumefantrine) dispersable tabs,84,888
Artesun-Artesunate sodium inj 120mg/1ml-Inj-120mg/1ml,4,2550
Artesun-Artesunate sodium inj 60mg/1ml-Inj-60mg/1ml,96,53900
Ascard (Aspirin) Tabs 75 mg,33,330
Ascard-Aspirin Tabs 75 mg-Tab-75mg,600,5925
Ascoril Expectorant 200 ml,322,155303
Ascoril-Ambroxol/Guaifenesin/Levosalbutamol-Syrup,701,192514
ASOT Lab,67,38101
AST/GOT with pyp,1,800
Atromed (Atropine) inj 1mg/1ml,1,300
Atropine-Atropine inj 1mg/1ml-Inj-1mg/1ml,11,2750
Augmentin (Amoxicillin/Clavulanic acid) tabs 1gm,168,36526
Augmentin (Amoxicillin/Clavulanic Acid) tabs 625mg,98,15106
Augmentin-Amoxicillin/Clavulanate susp 228mg/5ml 70ml-Syp-228mg/5ml-70ml,1022,851800
Augmentin-Amoxicillin/Clavulanate susp 457ml/5ml 70ml-Syp-457ml/5ml-70ml,496,731300
Augmentin-Amoxicillin/Clavulanic Acid tabs 625mg-Tab-625mg,7486,1156500
Auroxone- Ceftriaxone Inj 1000mg- Inj-1000mg,637,127500
Avamys-Fluticasone Furoate nasal spray 120D-Nasal Spray-120D,193,278400
Avastatin 10-Atorvastatin tabs 10mg-Tab-10mg,750,10296
Avastatin 20-Atorvastatin tabs 20mg-Tab-20mg,632,21936
Axagyl-Metronidazole i.v 5mg/1ml 100ml-IV-5mg/1ml-100ml,1,300
Bactifix-Cefixime Dispersible Tablets 400mg-Dispersible Tab-400mg,920,45710
Bactigrass 10cm*10cm,309,47472
Bactigrass 10cm*40cm,2,600
Barbit (Phenobarbitone) inj 200mg,1,600
Basic Life Support Ambulance,13,87500
BCG Vaccine,89,4700
Beclomin - Beclomethasone/Neomycin Ointment 15g,78,22461
Benased Chesty- Diphenhydramine/sodium citrate/Menthol,79,6392
Benased dry- Diphenhydramine/sodium citrate/Menthol,102,10248
Benased Paediatric- Diphenhydramine/sodium citrate/Menthol,142,15685
Benasten mixi-Clotrimazole/beclomethasone/gentamycin crm 20gms-Crm-20gms,330,35975
Benmed-Ephedrine adult nasal drops 10ml-Nasal Drops-10ml,214,24425
Benmed-Ephedrine paed nasal drops 10ml-Nasal Drops-10ml,911,54985
Benylin Paed-Diphenhydramine/sodium benzoate-Syp,695,395250
Benzapene (Benzathinepenicillin) inj 2.4 m.u,32,10348
Benzapene 1 (Benzylpenicillin) inj 1m.u,2,246
Bepanthen nappy care oint 30g,1,650
Betadine-Povidone iodine solution 10% 125ml-Soln-0.1-125ml,4,1890
Betafen Plus- Ibuprofen/Paracetamol-100mg/120mg/5ml-Syp,358,60860
Betapyn-Paracetamol/Codeine/Caffeine/Doxylamine tabs-Tab,9906,356232
Betason crm 15gm-Betamethasone crm 15gms-Crm-15gms,6,650
Bicolax 5mg tabs,4,40
Bicolax-Bisacodyl tabs 5mg-Tab-5mg,302,3110
Biogras 10cm*10cm,17,765
Bioscab 100ml-Benzyl Benzoate lotion 100ml-Crm-100ml,59,9382
Biotet (Tetracycline) skin oint 15gms,1,60
Blood Group + Rhesus,145,33270
Blood Group + Rhesus - Self Request,173,49000
Blood Sugar,2264,398164
Blood sugar/BP/BMI/Deworming- Adult,55,2750
Bone Chemistry,4,9400
Bonjela child (Aminacrine/Lignocaine) gel 15gms,2,1800
Bonjela child-Aminacrine/Lignocaine gel 15gms-Crm-15gms,14,13275
Bonnissan-Bonnissan syp 120ml-Syp-120ml-120ml,58,20500
BP Check,1199,61250
Branula,83,4150
Breast Cancer Screening,1,250
Breast Ultrasound,15,34000
BRITAM AFYA TELE Consultation (100 copay),3,1500
BRITAM AFYA TELE Consultation (200 copay),19,9500
BRITAM AFYA TELE Consultation (300 copay),703,350000
BRITAM AFYA TELE Consultation (400 copay),1,0
BRITAM AFYA TELE Consultation (500 copay),0,0
BRITAM AFYA TELE Consultation (No copay),10,4500
BRITAM ECLOF Consultation (200 copay),2,0
Britam Insurance Consultation,32,27200
Bro Zedex syp 100ml,48,10832
Bromsol - Ammonium Chloride/Dexpanthenol/Dextromethorphan,177,21600
Brucella Antigen Test,37,19376
Brustan (Paracetamol) Susp 100 ml,10,3300
Brustan-Ibuprofen/Paracetamol tablets-Tab,24283,466421
Brustan-Paracetamol/Ibuprofen susp 100ml-Syp-100ml,2128,985190
BS for MPS,14,3085
Budecort-Budesonide Inhaler 100mcg 200D-Inhaler-100mcg/200D,20,25500
Budecort-Budesonide Inhaler 200mcg 200D-Inhaler-200mcg/200D,29,51750
Buscopan (Hyoscinebutylbromide) inj 20mg,134,20542
Buscopan Plus (Hyoscine/Paracetamol)- 10mg/500mg Tabs,294,14700
Cadistin syrup-chlorpheniramine/guaifenesin/salbutamol/menthol-Syrup,806,176200
Calamine lotion-Calamine lotion 100ml-Crm-100ml,154,16275
Calcium (Bone),36,26200
Calcium Dobesilate/ Hydrocortisone/ Zinc/ Lidocaine Ointment-Dobesil H Cream 30g,3,2340
Calpol Infant-Paracetamol susp 120mg/5ml 100ml-Syp-120mg/5ml-100ml,1461,666400
Caltrim-Trimethoprim/Sulphamethoxasone susp 100ml-Syp-100ml-100ml,4,400
Calzole-Metronidazole susp 100ml-Syp-100ml,6,625
Candid (Clotrimazole) Powder 30mg,1,282
Candid (Clotrimazole) V1 Vaginal Pess,1,350
Candid Powder-Clotrimazole Powder 30mg-Powder-30mg,19,5317
Candid v3-Clotrimazole pessaries 200mg-Pess-200mg,451,221934
Candid-Clotrimazole mouth paint 15ml-Paint,62,13500
Candid-TV Shampoo-Clotrimazole 1%/Selenium Sulphide 2.5%,5,2250
Candistat-Clotrimazole pessaries 200mg-Pess-200mg,245,24550
Carca 6.25 mg,32,1120
Cardinol 50-Atenolol tabs 50mg-Tab-50mg,325,3397
Carditan 50-Losartan tabs 50mg-Tab-50mg,300,3090
Carditan H-Losartan/Hydrochlorthiazide tabs 50mg/12.5mg-Tab-50mg/12.5mg,829,11565
Caredoxy (Doxycycline) caps 100mg,265,2710
Catis Forte-Glucosamine/Chondroitin/Vit D3/Calcium/MsM caps 30's-Tab,120,3600
Caustic pencil 40% red-Silver Nitrate 40% Red-Pencil-40% Red,5,1375
Caustic pencil 95% blue-Silver Nitrate 95% Blue-Pencil-95% Blue,7,2175
Cefotil-Cefuroxime susp 125mg/5ml 70ml-Syp-125mg/5ml-70ml,1078,600810
Cefotil-Cefuroxime tab 500mg-Tab-500mg,7000,678130
Ceftrimed (Ceftriaxone) inj 1 gm,6,1800
Ceftron-Ceftriaxone i.v 1g-IV-1g,4124,1235800
Celabet (Betamethasone/Dexchlorpheniramine maleate) tabs,83,1308
Celabet-Betamethasone/Dexchlorpheniramine maleate tabs-Tab,3373,64445
Cerumol (Chlorobutanol) Ear Drops 11 ml,3,1470
Cetamol (Paracetamol) Tablets 500mg,29,145
Cetamol-Paracetamol 500mg-Tab-500mg,1915,9953
Cexil-Cefadroxil 125mg/5ml syp 100ml-Syp-125mg/5ml-100ml,140,53320
Cexil-Cefadroxil 250mg/5ml Syp-100ml,111,49950
Chaguo Langu contraceptives (1 cycle),513,25650
Charco-Activated Charcoal tabs-Tab,70,1050
Chlorophemed (Chlopheniramine) inj 10mg/ml,2,600
Chlorphenamine (Chlorpheniramine) inj 10mg/ml,2,600
Chlorpheniramine syrup-Chlorpheniramine syp 100ml-Syp-100ml,155,15700
Cholesterol,11,6875
Cinepar Aktiv-Diclofenac/Methylsalicylate/Oleum/Menthol Gel 1% 30gm,318,86680
Cinepar-Paracetamol 162.4/Ibuprofen 100mg susp 100ml,1140,297350
Ciprocos (Ciprofloxacin) tabs 250mg,120,620
Ciproken 500 -Ciprofloxacin tabs 500mg-Tab-500mg,11014,193935
Ciproken E/E-Ciprofloxacin eye drops 5ml-Eye Drops-5ml,150,24970
Cital syrup 100ml,76,27050
Citro Soda syrup 120gms,18,15800
Claricos (Clarithromycin) susp 125mg/5ml 70ml,42,27225
Claricos 125 DPS-Clarithromycin susp 125mg/5ml 50ml-Syp-125mg/5ml 50ml,60,51460
Claricos-Clarithromycin tabs 500mg-Tab-500mg,1055,40282
Claricos-Clarithromycin Tabs 500mg-Tab-500mg-10s,60,2100
Clarie DS 250mg Susp-Clarithromycin 250mg/5ml-Susp-50ml,38,36100
Claritek (Clarithromycin) susp 125mg/5ml 50ml,1,931
Claritek (Clathrimoycin) tabs 250mg,10,1450
Claritek 500mg-Clarithromycin tabs 500mg-Tab-500mg-10,463,113500
Claritek 50ml -Clarithromycin susp 125mg/5ml 50ml-Syp-125mg/5ml 50ml,66,53575
Clavulin (Amoxicillin/Clavulanic Acid) susp 457mg/5ml 70ml,590,612124
Clindar T (Clindamycin/Tretinoin) gel 10g,2,1250
Clindar T-Clindamycin/Tretinoin gel 10g-Crm-10gms,19,11416
Clinical Officer Consultation (325 copay),9,7650
Clinical Officer Consultation (CoPay 100),12,10200
Clinical Officer Consultation (Copay 200),242,205700
Clinical Officer Consultation (Copay 300),67,56950
Clinical Officer Consultation (Copay 500),1,850
Clinical Officer Consultation (no copay),3188,2693650
Clob-B (Clotrimazole/Beclomethasone) crm 15mg,7,746
Clomid-Clomiphene tabs 50mg-Tab-50mg,20,1800
Closed Disimpaction,2,6000
Clotrine B-Clotrimazole/Beclomethasone crm 15gm-Cream,280,47094
Clotrine-Clotrimazole pessaries 200mg-Pess-200mg,2,200
Clozole-Clotrimazole crm 20gm-Crm-20gms,559,59900
Combivent-Salbutamol/Ipratropium soln 1ml-Soln-1ml,242,11780
Comet 500mg-Glucophage tabs 500mg-Tab-500mg,608,4820
Cone Excision,3,1500
Consultation -- PACIS insurance company,51,35700
Cosatrim DS-Trimethoprim/Sulphamethoxasone tabs 960mg-Tab-960mg,186,1950
Coscof C Linctus With Codeine 100ml,3,862
Cosmol-Paracetamol susp 120mg/5ml 100ml-Syp-120mg/5ml-100ml,1602,163650
Cosmos (Frusemide) tabs 40mg,77,386
Cosmos (Hydralazine) tabs 25mg,42,420
Cosmos (Hydrochlorothiazide) tabs 50mg,161,935
Cosmos (Phenobarbital) tabs 30mg,12,60
Cosmos (Propranolol) tabs 40mg,105,585
Cosmos -Hydralazine tabs 25mg-Tab-25mg,5,62
Cosmos -Hydrochlorothiazide tabs 25mg-Tab-25mg,2251,17833
Cosmos -Propranolol tabs 40mg-Tab-40mg,284,2555
Cosmos-Amitriptyline tabs 25mg-Tab-25mg,1154,12527
Cosmos-Frusemide tabs 40mg-Tab-40mg,103,591
Cosmos-Nitrofurantoin tabs 100mg-Tab-100mg,2295,23868
Cosmos-Prednisolone tabs 5mg-Tab-5mg,22803,91212
Cotrimoxazole-Trimethoprim/Sulphamethoxasone susp 100ml-Syp-100ml-100ml,179,18300
Covid 19 PCR Test,5,40000
Covid-19 Antigen Test,360,1071000
Cox B (Celocoxib) caps 100mg,380,8805
Cox B (Celocoxib) caps 200mg,915,42419
Cozepam (Diazepam) tabs 5mg,33,330
Cozepam 5-Diazepam tabs 5mg-Tab-5mg,70,679
Creatine Kinase - MB,1,750
Creatinine,35,10100
Cripton (Bromocriptine) tabs 2.5mg,5,245
Crown (Diclofenac) inj 75mg,8,846
Crown (Frusemide) inj 10mg/1ml,1,300
Crown (Gentamycin) inj 80mg/2ml,12,2004
Crown (Piroxicam) tabs 20mg,60,320
CRP (Latex),8,9400
Cyclopam P (Dicyclomin/Paracetamol) tabs 20mg/500mg,813,17400
Cyclopam-Dicyclomine syp 30ml-Syp-30ml-30ml,135,28750
Cyclovir 400-Acyclovir tabs 400mg   -Tab-400mg-30,16,320
Cytotec (Misoprostol) tabs 200mcg,31,3100
Daboral (Aminosidine) tabs 250mg,1705,71890
Daflon-Diosmin/hesperidin tabs 500mg-Tab-500mg,622,19920
Dalacin C (Clindamycn) caps 300mg,16,1600
Dangyl- Metronidazole Oral Suspension-200mg/5ml-Susp-100ml,129,19350
Dangyl-Metronidazole 200mg Tablets,781,3980
Dawa Prom-Promethazine syp 60ml-Syp-60ml,170,17850
Dawacort-Hydrocortisone crm 15gms-Crm-15gms,3,300
Dawaflox -Flucloxacillin caps 500mg-Cap-500mg,2206,33790
Dawaflox-Flucloxacillin syp 125mg 100ml-Syp-125mg-100ml,15,1525
Dawavite-Multivitamin Syrup-Syp,172,17225
D-dimer,1,2400
Deep Freeze rub 100g- Methyl Salicilate/Menthol/Eucalyptus oil,28,22180
Deep Heat rub 100g- Methyl Salicilate/Menthol/Eucalyptus oil,32,25950
Deexa-Dexamethasone inj 4mg/2ml-Tab-4mg/2ml,135,43350
Delased Chesty-Dextromethorphan Hydrobromide-Syrup,328,70350
Delased Dry-Dextromethorphan Hydrobromide-Syrup,549,122200
Delased Paediatric-Dextromethorphan Hydrobromide-Syrup,753,162250
Dental Consultation,25,24650
Dental X-Ray (IOPA),2,1502
Deolate-Terbinafine tabs 250mg-Tablets,133,12460
Depo medrol-Methyl prednisolone inj 40mg-Inj-40mg,11,9600
Dermazine -Silver Sulfadiazine 50 gm-Crm-50gms,133,35330
Deslone-Prednisolone syp 50ml-Syp-50ml,362,108600
Desostar-Desloratidine syp 60ml-Syp-60ml,1250,394350
Desostar-Desloratidine tabs 5mg-Tab-5mg,5306,85833
Deteracin ( Tetracycline ) eye ointment,122,12982
Deworming,8,0
Deworming/weight/Vitamin A- Children,19,950
Dexalab (Dexamethason) inj 4mg/ml,3,900
Dexared-Dexamethasone Inj-4mg/ml-Inj-1ml,136,40800
Dextracin (Dexamethasone) eye drops 5ml,30,7005
Dextrose (Hydrous Dextrose) i.v 10% 500ml,40,12272
Dextrose (Hydrous Dextrose) i.v 5% 500ml,93,18600
Dextrose (Hydrous Dextrose) i.v 50% 100ml,13,1430
Diamisol tabs-Diloxinade furoate/Metronidazole tabs-Tab- tabs,13599,145605
Diamisol-Diloxinade furoate/Metronidazole susp 125mg/5ml 100ml-Syp-125mg/5ml 100ml-100ml,194,41150
Diarim-Aqueous Cream 500gm-Crm-500gms,5,2750
Diarim-Liquid Paraffin soln 100ml-Soln-100ml,20,2075
Diazepam-Diazepam inj 10mg-Inj-10mg,31,3705
"Diazi (Diazepam) inj 5mg/ml, 2ml",7,2100
Diclogenta-Diclofenac/Gentamycin eye drops 5mls-Eye Drops-5ml,104,32890
Diclomol SR (Diclofenac) tabs 100mg,16,160
Diclomol-Diclofenac-Inj-75mg-10's,990,203600
Dicloran MS Gel 30gm,8,1735
Diclovita (Diclofenac) inj 75mg,4,1200
Diprofos-Betamethasone Dipropionate/Betamethasone Sodium Phosphate Inj. 2mg/5mg 2ml,1,1500
Diracip M (Diloxinade furoate/Metronidazole) tabs,1770,17880
Diracip M DS (Diloxinade furoate/Metronidazole) tabs,1110,24675
Diracip m-Diloxinade furoate/Metronidazole susp 125mg/5ml 100ml-Syp-125mg/5ml 100ml-100ml,305,65150
Direct Coombs Test,1,950
Disflatyl-Silicone dioxide/Dimethicone tabs-Tab,276,7530
Dispense Fee,5043,100860
Disposable Surgical Mask,422,12660
Dobesil (Calcium Dobesilate)  Tabs 500mg,99,6500
Domadol 100-Tramadol inj 100mg 2ml-Inj-100mg-2ml,528,173385
Domadol plus-Tramadol/Acetaminophen 37.5/325mg-Tab-37.5mg/325mg,493,13730
Domi-Domperidone syp 30ml-Syp-30ml,1008,137190
Domi-Domperidone tabs 10mg-Tab-10mg,3221,46031
Dopamac (Methyldopa)Tabs 250mg,55,825
Doppler Ultrasound,4,13000
Doxy-Doxycycline caps 100mg-Cap-100mg,30,450
Doxylin-Doxycycline caps 100mg-Cap-100mg,3730,59052
Dressing,591,149734
Dressing - Major,75,45200
Dressing - Minor,703,281300
DTS-Oral Rehydration Salt Sachets-Satchet-10.3gms,412,4486
DU Test,5,5000
Duphaston-Dydrogesterone tabs 10mg-Tab-10mg,720,73900
Ear Syringing,37,22200
Eflaron plus tabs-Diloxinade furoate/Metronidazole tabs-Tab- tabs,60,600
Elocom (Mometasone) oint 15g,5,5603
Elyflox-Flucloxacillin syp 125mg 100ml-Syp-125mg-100ml,115,17554
Emenorm- Metoclopromide- injection,14,4200
Emergency Obstetric Delivery,4,20000
Emitino (Ondansetron) susp 30ml,173,140566
Emitino-Ondansetron Tabs 4 mg-Tab-4mg,2824,252840
Emulsifying ointment 500gm,1,500
Encardil-Enalapril tabs 5mg-Tab-5mg,553,4220
Enema,1,500
Enterogermina-Bacillus Clausii susp 5ml-Syp-5ml,899,72118
Epanutin-Phenytoin caps 100mg-Tab-100mg,84,1260
Epibalin-Pregabalin caps 75mg-Tab-75mg,980,32608
Epimax baby and junior cream,50,75000
Epimax Cream,6,7200
Erocin-Erythromycin susp 100ml-Syp-100ml,22,3250
Erythrocyte Sedimentation Rate (ESR),72,31966
Esofag Kit (Amoxicillin/ Clarithromycin/ Esomeprazole) (pack of 7),1089,1742400
Esomac ( Esomeprazole) tabs 40mg,1091,71914
Esomac (Esomeprazole) tabs 20mg,616,21693
Esomezol-Esomeprazole tabs 20mg-Tab-20mg,14673,358025
Esomezol-Esomeprazole tabs 40mg-Tab-40mg,20216,722590
Excision of Ganglion Cyst,2,2200
Excision of Ingrown Toenail,8,4600
Exevate MF 20 - Betamethasone /Salicylic acid/moisturising factor,72,40625
Extractable Nuclear Antigen,1,15450
Extraction - Paediatric,3,1500
Extraction - Posterior,14,19500
Extraction - Routine,2,0
Faholo-Emulsifying ointment oint 500gms-Oint-500gms,60,21880
Fedha Management Copay,24,1200
Femiject inj,9,1350
Femiject- Medroxyprogesterone Acetate,78,11700
Femiplan Pills (1 pack of 28),96,6300
Fena-Aceclofenac-Tab-100mg,10,100
Ferrous Sulphate 200mg Tabs,2,10
Filwell Kids-Multivitamin Syrup-Syrup,7,2310
First Assurance Consultation,294,248200
First Assurance Consultation (Copay 200),11,9350
First Assurance Consultation (Copay 300),11,9350
First Assurance Consultation (Copay 500),22,18700
Flamox (Amoxicillin/Flucloxacillin) caps,1800,47020
Flamox (Amoxicillin/Flucloxacillin) susp 250mg/5ml 100ml,67,26800
Flatameal DS-Calcium carbonate/magnesium hydroxide/aluminum hydroxide tabs-Tab,956,9941
Flatameal-Calcium carbonate/magnesium hydroxide/aluminum hydroxide susp-Syp,104,36325
Flonaspray-Fluticasone Furoate nasal spray 120D-Nasal Spray-120D,73,70650
Floxapen-Flucloxacillin caps 500mg-Cap-500mg,1700,205500
Floxapen-Flucloxacillin syp 125mg 100ml-Syp-125mg-100ml,84,76400
flucomed(fluconazole) caps 150mg,3,600
Flugal 150-Fluconazole tabs 150mg-Tab-150mg,1393,152065
Flugal-Fluconazole susp 35ml-Syp-35ml,122,39525
Folic Acid/ Iron/ Vitamin B12/ Vitamin C Syrup 200ml- Byofer 12,4,1200
Foracort-Budesonite/Formoterol inhaler 100mcg 120MD-Inhaler-100mcg/120MD,5,7475
Foralin-Budesonite/Formoterol inhaler 200mcg 120MD-Inhaler-200mcg/120MD,22,52850
Free Breast Exam,1,0
Frenotomy Procedure (Tongue-tie release),1,1000
Full Haemogram (FHG),9141,8378827
Full Health Assessment,24,0
Full mouth scaling,7,21000
Furomed (Furosemide) inj 20mg/1ml 2ml,3,900
Fusid-Frusemide inj 20mg/1ml-Inj-20mg/1ml,72,20560
GA Consultation,937,793050
GA Consultation (Copay 100),17,14450
GA Consultation (Copay 500),12,10200
Gabacare-Gabapentin/Methylcobalamin (300mg/500mcg)-Tab-300mg/500mcg),261,27975
Gamma Glutamyl Transferase,2,1600
Gaviscon double action-Sodium alginate/calcium carbonate/sodium bicarbonate-Syp,225,217200
Gaviscon Peppermint Liquid 200ml,12,11220
Gentax-Gentamycin drops 10ml-Drops-10ml,43,5160
Gland pharm (Diazepam) inj 10mg/2ml,2,600
Glucomet 500-Metformin tabs 500mg-Tab-500mg,1814,8640
Glucomet 850-Metformin tabs 850mg-Tab-850mg,659,8205
Glucomet N- Metformin 500mg/Glibenclamide 5mg-Tab-500/5mg,20,200
Glucophage 1000mg-Metformin 1000mg,410,5400
Glucophage 500-Metformin tabs 500mg-Tab-500mg,3649,34762
Glucophage 850-Metformin tabs 850mg-Tab-850mg,1222,12690
Glycerine supp 4g,3,450
Glycerol (Glycerine) supp 1gms,12,1407
Glycerol (Glycerine) supp 2gms,4,211
Glycerol-Glycerine supp 1gms-Supp-1gm,54,3386
Glycerol-Glycerine supp 2gms-Supp-2gm,115,4452
Goxx-Ofloxacin/Ornidazole 200mg/500mg-Tab-200mg/500mg,3014,97580
Grabacin Powder-Neomycin/bacitracin/polymyxin powder 10gms-Powder-10gms,9,1426
Grabacin-Neomycin/bacitracin/polymyxin oint 20gms-Oint-20gms,53,14258
Grisactin (Griseofulvin) tabs 500mg,60,900
Grisofil-Griseofulvin tabs 500mg-Tab-500mg,600,7017
Growth Monitoring,8,0
Gvither-Artemether inj 80mg/1ml-Inj-80mg/1ml,223,68925
Gynecologist Initial Consultation,122,111800
Gynecologist Review (within 14 days),4,2000
Gypon-Cyproheptadine Syrup 100 ml-Syp-100ml,131,32700
H. Pylori - Blood,1,500
H. Pylori - Stool,2519,2264100
H.pylori  Stool - Self Request,47,35650
Haemoglobin,437,105130
HbA1c (whole blood),41,55600
Hemsamic (Tranexamic Acid) caps 500mg,403,32537
Hemsamic (Tranexamic Acid) inj 500mg,50,15340
Hemsamic-Tranexamic Acid caps 250mg-Cap-250mg,53,2470
Hepatitis B Core IgM antibody,1,3000
Hepatitis B Surface Antigen (HBsAg),54,38570
Her Kit-Fluconazole/Azythromycin/Secnidazole-Kit-Pack of 4,217,103754
Heritage Consultation,69,67620
Highthiol (carbocisteine) Adult 100ml,3,600
HIV lab test (p24 markers),1599,315570
HPV Vaccine,3,750
HVS & Gram Stain,457,251229
HVS Culture & Sensitivity,13,17800
Hyan FC (Levonogestrel) tabs,33,2980
Hyan FC (Levonogestrel) tabs (pack of 28),29,3270
Hycin susp-Hyoscine syp 60ml-Syp-60ml,261,27700
Hycorum-Hydrocortisone crm 15gms-Cream,427,46575
Hydrocortisone/Lidocaine/Zinc Oxide/Allantoin-Anomex Suppositories,100,6000
Hydrocortisone-Hydrocortisone Eye Drops-10ml-Drop,5,500
Ibucos 200-Ibuprofen tabs 200mg-Tab-200mg,5197,56397
Ibucos 400-Ibuprofen tabs 400mg-Tab-400mg,9927,104007
Ibucos-Ibuprofen syp 100ml-Syp-100ml,77,12453
Ibugesic Susp-Ibuprofen/Paracetamol Syrup-100ml,13,1300
Ibumex-Ibuprofen syp-100mg/5ml-syp-100ml,261,39150
Ibut (Ibuprofen) tabs 200mg,73,365
IFA Consultation,2,1000
IFA Consultation (Copay 100),2,1000
IFA Consultation (Copay 200),60,30000
Imotil-Loperamide caps 2mg-Cap-2mg,2229,12505
Implant - Implanon,3,3000
Implant Insertion,41,40500
Implant Removal,220,109750
Incision and Drainage,30,20852
Incision and Drainage of Abscess,36,53300
Indclav 625-Amoxicillin/Clavulanic Acid tabs 625mg-Tab-625mg,6988,201610
Infa v pessaries,24,14940
Infacol-Simethicone drops 55ml-Syp-55ml-55ml,42,41040
Injection Service,212,32900
Insurance Dressing,153,76500
Intacycline oint- Tetracycline Ointment 15g,8,400
Intamine - Mepyramine maleate cream 25g,14,3200
Internal Medicine Specialist Initial Consultation,59,114750
Isovent-Misoprostol tabs 200mcg-Tab-200mcg,85,4250
Itramet-Itraconazole caps 100mg-Cap-100mg,856,86038
IUCD Check Up,17,9000
IUCD Copper T,26,26500
IUCD Insertion,32,45000
IUCD Removal,68,34250
IV giving set (infusion),73,7300
Jadelle (Levonogestrel) implant-MOH,45,41500
Jadelle-Levonorgetrel Implant,5,5700
K.U.B (Kidney Ureter Bladder) Ultrasound,1,2500
Karvol-Karvol Inh caps-Inhaler cap,1883,122645
Kemoxyl (Amoxicillin) caps 500mg,6,90
Kemoxyl 125mg/5ml- Amoxicillin-susp 60ml,9,800
Kemoxyl Forte-Amoxicillin 250mg susp-Syp-250mg,9,1100
Kemoxyl-Amoxicillin 125mg/5ml Syrup 100ml,4,600
Kenya Alliance Consultation,162,158760
Ketoconazole shampoo-Ketoconazole shampoo 120ml-Shampoo-120ml,2,2200
Ketoziral-Ketoconazole tabs 200mg-Tab-200mg,1044,22865
Kidney/Renal Functions,68,131250
Kifaru-Sildenafil tabs 50mg-Tablets,5,150
Klerimed 500mg-Clarithromycin 500mg-Tab,90,9900
Kly-Lubricating Gel 42gms-Gel-42gms,3,750
Kontab Tabs,20,600
Lab & Allied-Ferrous sulphate tabs 200mg-Tab-200mg,45,225
Lab Self Request,717,0
Laborate (Adrenaline) inj,3,900
Laborate-Vitamin B Complex inj-Inj,1,300
"Lancet -- ANA, serum",1,3749
"Lancet -- CA125, serum",1,2549
"Lancet -- CEA (CARCINO-EMBRYONIC ANTIGEN), serum",2,4498
Lancet -- HIV ELISA (Enzyme Linked Immunosorbent Assay),1,2500
Lancet -- PAP SMEAR (CERVICAL SMEAR) FOR REPORTING,1,1499
LAncet -- Serum Ferritin,1,2800
Lancet -- THYROID PROFILE - TFT,1,6246
"Lancet -- TOTAL PSA, serum",1,2755
Lancet -- TSH (THYROTROPHIN),6,10794
"Lancet - VITAMIN D(25-OH), serum",2,6598
Lanzol (Lansoprazole) DT 15mg tabs,480,29780
Laxilac-Lactitol/Isphagula Husk/Senna 15gm/Satchet-Satchet-15gm/Satchet,37,5380
Levin-Levofloxacin tabs 500mg-Tab-500mg,2013,85300
Levobact (Levofloxacin) tabs 750mg,191,28180
Levobact-Levofloxacin tabs 500mg-Tab-500mg,60,3130
Levostar-Salbutamol syp 100ml-1mg/5ml,34,11400
Lexotanil - Bromazepam 3mg,26,1170
Lipid Profile,55,119400
Liver Function Test,33,96750
Livoluk Solution-Lactulose syp 200ml-Syrup,175,68519
Lonart (Artemether/Lumefantrin) susp 20/120 60ml,10,4100
Lonart DS-Artemether/Lumefantrin tabs 80mg/480mg-Tab-80mg/480mg,816,43764
Lonart-Artemether/Lumefantrin tabs 20mg/120mg-Tab-20mg/120mg,1170,16866
Losartas H-Losartan/Hydrochlorthiazide tabs 50mg/12.5mg-Tab-50mg/12.5mg,3656,178710
Losartas-Losartan tabs 50mg-Tab-50mg,885,27813
Low Density Lipoproteins (LDL),2,1300
LP Holdings Copay,25,1200
Lydia Copper Y 380 CU,1,1000
Lyfe-Oral Rehydration Salt Sachets-Sachet,1651,16510
Lysoflam-Paracetamol/Diclofenac/Serratiopeptidase Tabs-500/50/15mg-Tabs,286,28600
Macleods-Methyldopa tabs 250mg-Tab-250mg,1041,12093
MADISON ALPHA HEALTH SHARED Consultation (200 copay),2,1960
Madison Consultation (Copay 100),3,2940
Madison Consultation (Copay 200),356,346920
Madison Consultation (Copay 250),91,89180
Madison Consultation (Copay 300),4,3920
Madison Consultation (Copay 500),5,3920
Madison Consultation (Copay 750),53,51940
MADISON Consultation (no copay),1425,1390620
Madison Consultation for Penda Health Staff,1,0
MADISON MT KENYA UNI (200 copay),5,3380
Magnesium (Bone),1,650
Malaria Lab Test,3723,988228
Malaria Lab Test - Self Request,135,30130
Male Circumcision,10,30000
Male Circumcision under 12y,4,12000
Mariflora-Lactobacillus Casei Caps,514,26675
Maxitrol Drops-Neomycin/Polymyxin B/Dexamethasone Eye Drops-5ml,9,4500
Maxitrol Ophthalmic ointment 3.5gm,5,2839
Measles Vaccine,1608,160761
Medical Certificate,21,0
Medical Consultation,29612,8977265
Medical form,201,57900
Medifen(Ibuprofen) tabs 400mg (pack of 100),30,150
Medipen (Benzylpenicillin) inj 1m.u,7,700
Medomox-Amoxicillin 250mg Dispersible Tablets,1494,29880
Melcam-Meloxicam tabs 15mg-Tab-15mg,849,17870
Melcam-Meloxicam tabs 7.5mg-Tab-7.5mg,2174,34324
Metamida (Metoclopromide) inj 2ml,10,3136
Metcos (Metoclopramide) tabs 10mg,16,80
Metcos 10-Metoclopramide tabs 10mg-Tab-10mg,2550,13560
Metomed (Metoclopramide) inj 10mg,1,300
Metoram -Metoclopramide inj 10mg-Inj-10mg,318,98100
Metris-Metronidazole i.v 5mg/1ml 100ml-IV-5mg/1ml-100ml,3,975
Metrogyl (Metronidazole) i.v 5mg/1ml 100ml,14,4200
Metrozol 400-Metronidazole tabs 400mg-Tab-400mg,13070,182843
Microgynon FE-Estrogen/Progesteron tabs-Pack-Pack of 28,45,7050
Microgynon-Estrogen/Progesteron tabs-Pack-Pack of 21,54,18516
Microlut (Levonorgestrel) tabs (pack of 35),102,5100
Minet Consultation ( Copay 100),44,43120
Minet Consultation ( Copay 200),7,6860
Minet Consultation (No Copay),747,729120
Mixtard-Human Insulin inj 30/70 100i.u 10ml-IV,69,4800
Momate (Mometasone) crm 15g,23,15420
Montel dt-Levocetrizine/Montelukast 4mg/2.5mg Dispersible Tablets-Tab-4mg/2.5mg,3661,214683
Montel-Levocetrizine/Montelukast tabs 5mg/10mg-Tab-5mg/10mg,11117,658895
Montiget (Montelukast) tabs 4mg,14,1036
Montiget Paed Granules (Montelukast) sachets 4mg,880,58943
Motilium (Domperidone) tabs 10mg,20,800
Moxacil Forte-Amoxicillin 250mg susp-Syrup,362,87084
Moxacil-Amoxicillin 125mg susp-Syp-125mg,273,28265
Moxilact-Amoxicillin caps 500mg-Cap-500mg,4302,62850
Mucosolvan-Ambroxol/guaifenesin/menthol/salbutamol-Syp,678,395125
Musculoskeletal Ultrasound,1,4000
MVA,11,54900
Myclav 625-Amoxicillin/Clavulanic Acid tabs 625mg-Tab-625mg,7792,395416
Myclav-Amoxicillin/Clavulanate susp 228mg/5ml 70ml-Syp-228mg/5ml-70ml,498,234496
Myospaz Tabs,21,525
Myospaz-Paracetamol/Chlorzoxazone tabs-Tab,22664,815487
Nalepsin-Magnesium Sulphate inj 4gm-Tab-4gm,1,750
Naprin-Naproxen 500mg-Tab-500mg,931,42710
Natoa (Mebedazole) tabs 100mg,30,786
Natoa-Mebendazole tabs 100mg-Tab-100mg,283,2848
Nebulisation With Combivent Plus A New Mask,128,163429
Nebulisation with Ventolin (Own Mask),38,28500
Nebulisation with Ventolin Respirator Plus A New Mask,112,140110
Nebulization Mask(Tube + Cup),272,11002
Nebulization Service,379,17500
Nebulization with Combivent (Own Mask),38,27750
Nefin-Nifedipine tabs 20mg-Tab-20mg,2870,30089
Netazox (Nitazoxanide) tabs 500mg,89,7444
Netazox Dry (Nitazoxanide) syp 100mg/5ml 30ml,37,18192
Neuro-forte -Neurorubine Forte tabs-Tab,2860,85940
Neurotrol-Carbamazepine tabs 200mg-Tab-200mg,195,1755
Nexium-Esomeprazole sachet 10mg-Satchet-10mg,782,141176
NHIF Consultation FFS,81,40500
Nilacid 200ml-Magnesium trisilicate/alluminium hydroxide-Syp,390,114954
Nipozin Syrup-100ml,145,29000
Nogluc-Glibenclamide tabs 5mg-Tab-5mg,2606,12960
Nolgripp Junior-Paracetamol 125mg/Phenylephedrine 5mg/Chlorpheniramine 1mg syrup,465,156260
Nolgripp Plus-Paracetamol 500mg/Phenylephedrine 10mg /Chlorpheniramine/Caffeine 30mg Tablets,7957,90022
Norash-Norash-Crm,269,78886
Norminil- Albendazole syrup 10ml,6,200
Nosic-Doxylamine/Pyridoxine tabs 10mg/10mg-Tab-10mg/10mg,2364,58120
Nospa (Dicyclomine/Simethicone) tabs 40mg 100'S,11,220
Nospasum syrup- Hyoscinebutylbromide- 60mls,2,250
NS (Normal Saline) 500ml,386,126580
Nycodeal Oral-Nystatin susp 100000IU 30ml-Susp-100000i.u-30ml,4,400
Nycostat (Nystatin) susp 100000IU 30ml,6,692
Nystal Oral-Nystatin susp 100000IU 30ml-Susp-100000i.u-30ml,204,20400
Observation,70,38900
Obstetric Ultrasound,844,1625200
Ocid-Omeprazole 20mg- Caps,3633,38658
Ocortin-Hydrocortisone inj 100mg-Inj-100mg,269,85650
Oculast Eye Drops-Azelastine Eye Drops-5ml,1,400
Oilatum Junior-Oilatum Junior crm 150gms-Crm-150gms,8,10275
Oilatum-Oilatum Bar Soap 100mg-Bar Soap-100mg,17,12050
Omicap-20-Omeprazole-20mg-Caps,168,1680
Oncosil-Terbinafine crm 15g-Crm-15gms,465,140162
Oncosil-Terbinafine tabs 250mg-Tab-250mg,699,63400
Oracef 500-Cephalexin 500mg capsules,590,8350
Oral Polio Vaccine (OPV),1560,6250
Osteocare Tabs,84,3360
Otorex-Paradichlorobenzene/Benzocaine ear drops 10ml-Ear Drops-10ml,159,57255
Otrivin Adult (Xylometazoline) drops 0.1% 10ml,7,3613
Oxifast MR -Lornoxicam 8mg /Thiocolchicoside 8mg,704,49845
Oxygen (1st 30 minutes),37,37225
Oxygen (Subsequent 30 minutes),16,8113
Oxytocin injection 1ml,1,300
P Alaxin-Dihydroartemisinin piperaquine phosphate-Tabs,9,360
Pacis Consultation (Copay 150),1,700
Pacis Consultation (Copay 200),47,32800
Pacis Consultation (Copay 300),35,24500
Pacis Consultation (Copay 500),16,11200
Pacis Consultation (No Copay),264,184100
Pap Smear: Cervical Cancer Screening,35,58825
Paracetamol Inj 10 ml,2,600
Paracetamol/Diclofenac Potassium/Serratiopeptidase Tabs-Lysoflam Tablet,235,9400
Paracetamol/Diclofenac/Chlorzoxazone- Track MR Tablet,736,22080
Paracetamol/Hyoscine Tablet- Buscopan Plus,1157,57850
Parafast -paracetamol 1g IV,269,84600
Parafast-Effervescent Paracetamol tabs 500mg-Tab-500mg,34288,843910
Patanol (Olopatadine) drops 5ml,1,1740
PCV-10 Vaccine,1468,1350
PDT - Blood,291,101920
PDT - Urine,1006,184894
Pelvic Ultrasound,384,777500
Penamox Forte (Amoxicillin) susp 250mg/5ml 100ml,4,1360
Penda ANC Booklet,290,87000
Penda NCD Booklet,7,300
Penta Vaccine (DPT/HepB/Hib),1467,1250
Peppertree Restaurant Medical Consultation,16,7500
Pharmagentamycn 10ml- Eye/ear drops,26,2600
Phenobarbital-Phenobarbital tabs 30mg-Tab-30mg,20,110
Phosphorus (Bone),1,975
Phylopen-Flucloxacillin caps 500mg-Cap-500mg,6938,109442
Phylopen-Flucloxacillin syp-125mg/5ml-Syp-100ml,12,3000
Pilot-D- Pantoprazole/Domperidone 20mg/10mg-Tab,428,12840
Piricet syrup-Chlorpheniramine syrup- 60ml,431,43175
Piriclor (Chlorpheniramine) syp 100ml,10,700
Piriclor- Chlorpheniramine syrup- 60ml,109,11020
Piriton original-Chlorpheniramine syp 100ml-Syp-100ml,425,192800
Podosal (Podophylin) oint 10gms,1,800
Polio Vaccine (IPV),516,561
Polishing,3,2226
Ponstan forte-Mefenamic acid tabs 500mg-Tab-500mg,1342,45052
Posterior Filling with Composite,3,10500
Postinor 2-Levonorgestrel tabs-Tab-Pack of 2,31,5900
Potassium,1,300
Povisep 125ml-Povidone Iodine Mouthwash 125ml-Wash,155,68750
Predsol Syrup-Prednisolone Syrup 5mg/5ml-Syp-50ml,215,118250
Pregnacare original-Iron/Zinc/Folic Acid/Vitamin D&B12 tabs-Tab,2010,65220
Pregnacare plus omega-Iron/Zinc/Folic Acid/Vitamin D&B12 with Omega tabs-Tab,842,31832
Prelone-Prednisolone tabs 5mg-Tab-5mg,266,2915
Primacort 100 (Hydrocortisone) inj 100mg,61,19100
Primacort-Hydrocortisone Inj 100mg-inj-100mg,56,16800
Primolut N-Norethisterone tabs 5mg-Tab-5mg,305,14125
Probeta N-Neomycin/Betamethasone drops 7.5ml-Drops-7.5ml,387,57000
Promed-Metronidazole Inj 5mg/ml-Inj-5mg/ml-100ml,18,1800
Protas-Esomeprazole Inj 40mg-Injection,183,75800
Proximexa 500-Cefuroxime 500mg- tabs,1125,112500
PSA (Prostate Specific Antigen),3,3800
Pulmocef (Cefuroxime) tabs 500mg,13157,733302
Pulmocef-Cefuroxime tabs 250mg-Tab-250mg,7631,280822
PUS SWAB FOR CULTURE AND SENSITIVITY,1,2600
Pylotrip-Amoxicillin/Clarithromycin/Lansoprazole-Kit-Pack of 7,190,356000
Pyrofen-Paracetamol/Ibuprofen susp 100ml-Syp-100ml,17,1700
Quadrajel Gel-Metronidazole/Chlorhexidine/lidocaine-1%/1%/2%-15g,9,3150
Racycline skin-Tetracycline Oint 15gm-Crm-15gms,14,1400
Raincef (Cefixime) tabs 200mg Dispersible,49,3599
Raincef 100 ds-Cefixime 100mg/5ml 60ml-Syp-100mg/5ml-60ml,33,8817
Raincef 400 dt-Cefixime Dispersible Tablets 400mg-Dispersible Tab-400mg,3743,406560
Raincef dt-Cefixime Dispersible Tablets 200mg-Dispersible Tab-200mg,2295,189502
Ranferon-Folic acid/Iron/Vitamin B12/Vitamin C Caps,3145,49725
Ranferon-Folic acid/Iron/Vitamin B12/Vitamin Syrup 200ml,156,80500
Rapid Electrolytes,3,3500
Regional(hip) Ultrasound,4,8000
Relcer-Magnesium hydroxide/aluminium hydroxide/simethicone-Syp,1331,547992
Remidin Mouthwash-Chlorhexidine Gluconate 0.2% w/v-100ml,7,2450
Removal of Foreign Body,59,29526
Removal of Stitches,89,24061
Renal Ultrasound (KUB),4,8900
Resolution Consultation ( Copay 100),9,8820
Resolution Consultation (Copay 980),1,980
RESOLUTION Consultation (no copay),455,441980
Review,1684,157850
Rheumatoid Athritis Factor,175,71482
Rhinathiol Paediatric 125ml,53,21294
Rhinathiol syrup-Carbocisteine/Promethazine-Syrup,571,250600
Rilif MR - Aceclofenac /Paracetamol /Chlorzoxazone tablets,12338,751215
Rivalexin susp-Cephalexin 125mg/5ml- susp 100ml,105,17304
Rivamox (Amoxicillin) susp 125mg/5ml 100ml,4,656
Rivamox (Amoxicillin) susp 250mg/5ml 100ml,1,250
RL (Ringers Lactate) i.v 500ml,203,60900
Rocephine (Ceftriaxone) i.v 1g,4,8800
Root Canal - Posterior,1,8000
Root Canal - Premolar,2,18000
Rota Virus/Adeno Virus,13,19680
Rotavirus Vaccine,958,1000
Rotex-Vitamin K inj 2mg-Inj-2mg,7,2100
Rubella IgG,1,2249
Rubella IgM,1,2249
Rufenac-Diclofenac Gel 1% 20gm-Cream,867,95450
Saferon-Plus Chewable Tabs-Iron/Folic Acid-Tab-100mg/500mcg,150,5250
Saham Insurance Consultation,60,58800
Salbumol (Salbutamol) syr 100ml,2,223
Salbut (Salbutamol) tabs 4mg,421,2237
Salbut 4-Salbutamol tabs 4mg-Tab-4mg-100,703,3825
Saline-Normal Saline nasal drops 15ml-Nasal Drops-15ml,1156,61977
Salmonella Antigen Test,240,194220
Sanergy Consultation,118,70200
Sanlam Consultation (Copay 200),3,1960
Sanlam Consultation (Copay 300),1,980
Sanlam Consultation (Copay 500),10,9800
Sanlam Consultation (No Copay),256,250880
Sanlam-Penda Health Consultation (200 copay),580,231600
SARS CoV-2 IgG Antibody,2,5000
Scabees (Benzyl Benzoate) lotion 100ml,2,440
Scrotal Ultrasound,19,42900
Secnid DS-Secnidazole tabs 1gm-Tab-1gm,467,40682
Sedgwick Consultation,31,29400
Segabin M SR 75mg-Pregabalin caps 75mg-Tablets,42,1260
Self Request Injection,76,15200
Serum beta-HCG (quantitative),2,3800
Sinarest Forte,323,3230
Skanem Consultation,46,9200
Spazed-Hyoscinebutylbromide inj 20mg-Injection,3,1050
Speculum Exam,27,13168
Square zinc-Zinc Sulphate tabs 20mg-Tab-20mg,11581,123822
Steron (Norethisterone) tabs 5mg,213,6390
Stitching,172,70680
Stool Microscopy,4907,1345736
Stool Microscopy - Self Request,116,31420
Strepsils-Honey and Lemon lozenges-Lozenges,2453,24962
Sultolin inhaler 100mcg 200d-Salbutamol Inhaler 100mcg 200D-Inhaler,38,12900
SuperAmp (Water for inj) 10 ml,68,0
Sure Kit-Lansoprazole/Tinidazole/Clarithromycin-Tab,52,78000
Suturing,6,2500
Suturing - Major,15,22500
Suturing - Minor,27,21600
Syntocinon-Oxytocin inj 10i.u-Inj-10i.u,6,1800
Tagera Forte (Secnidazole) tabs,22,2404
Tanzol (Albendazole) tabs 400mg,3,0
Telmisartan/Hydrochlothiazide 80/12.5mg-Telmi 80H Tabs,90,7200
Terbifin (Terbinafine) tabs 250mg,469,59152
Terbinafine Tabs 125mg-Fungiter,252,12600
Terbinafine Tabs 250mg- Fungiter,518,41440
Testosterone test,1,3249
Tetanus Vaccine,955,144033
Textbook Centre Medical Consultation,135,67000
Theoroxime- Cefuroxime 500mg- tabs,490,37600
Thyroid Function Test / TFT,12,50750
Thyroid Ultrasound,5,11600
Tiko(Triggerise) Consultation,35,3400
Total Protein,1,500
Tracy- Tetracycline eye oint,2,100
Tranamic-Tranexamic Acid caps 500mg-Cap-500mg,928,49624
Tranamic-Tranexamic Acid inj 500mg-Inj-500mg,4,1500
Transvaginal Ultrasound (TVS),1,3500
Tres Orix Forte caps,10,600
Tres Orix Forte Syrup 100 ml,4,3400
Treviamet Tabs 50mg + 500mg,85,0
Tricozol 400-Metronidazole tabs 400mg-Tab-400mg,2,10
Tricozole-Metronidazole Susp-200mg/5ml-100ml,217,32550
Trihistamin-Chlorpheniramine /Dextromethorphan/Phenylephrine,164,19830
Trimetabol Syrup- Cyproheptadine Syrup- 150ml,2,1800
Trimex Adult syp 100ml,3,480
Trimex Expectorant Diabe syp 100ml,6,1200
Trimex Paediatric syp 60ml,69,11292
Trimex-Promethazine/dextromethorphan/ephedrine/-Syp,4,714
Trogyl-Metronidazole susp 100ml-Syp-100ml,17,2044
Trupan-Pantoprazole inj 40mg-Inj-40mg,97,45571
Tuspel Plus syp 100ml,1,210
Tuspel-Diphenhydramine/Ammonium Chloride/Sodium Citrate/Menthol-10/100/60/1.5mg-Syp-100ml,12,2760
TX-Tetracycline eye oint 5gms-Eye Oint-5gms,50,4305
UAP Consultation (500 copay),21,19600
UAP Consultation (Copay 100),5,4900
UAP Consultation (Copay 200),35,34300
UAP Consultation (Copay 300),7,6860
UAP Consultation (no copay),1502,1467060
Unigan-Paracetamol/Hyoscine-Tab-500mg/10mg,13128,400590
Unilyte N-Oral Rehydration Salts-Sachets-10.3g,845,8450
Unitocin (Oxytocin) inj 1ml,6,1800
Universal-Griseofulvin tabs 125mg-Tab-125mg,3592,40819
Universal-Griseofulvin tabs 250mg-Tab-250mg,5050,58492
Universal-Griseofulvin tabs 500mg-Tab-500mg,2102,31530
Upacoff Paediatric-Chlorpheniramine/Promethazine/Diphenhydramine/Ammonium,74,7250
Urea,7,1750
Urethral Catheterization,10,4000
Urethral Swab & Gram Stain,68,38095
Uric Acid,31,23800
Urinalysis (Dipstick),1,240
Urinalysis (Microscopy),1,120
Urinary Cathetarization,2,400
Urine Analysis,5739,1513124
Urine Analysis - Self Request,2,480
Urine Culture & Sensitivity,32,69900
Vagiclin  Plus - Clindamycin/Clotrimazole Pessaries,86,95750
Vagid pessaries-Clindamycin/Clotrimazole,8,2800
VDRL,187,89950
Ventil-Salbutamol syp 100ml-Syp-100ml,167,17650
Ventolin-Salbutamol Inhaler 100mcg 200D-Inhaler-100mcg/200D,113,38325
Ventolin-Salbutamol respiratory solution-10ml,100,9000
Vidol-Carvedilol tabs 6.25 mg-Tab-6.25mg,126,1602
Virux 200-Acyclovir tabs 00mg -Tab-200mg,98,1960
Virux 400-Acyclovir tabs 400mg   -Tab-400mg,458,9535
Virux Cream-Acyclovir cream 10mg-Crm-10mg,37,11054
Visine Eye Original Drops 15 ml,3,3750
Vitamin A,8,0
"Vitamin A caps 100,000i.u",755,38500
"Vitamin A caps 200,000i.u",1865,93333
Vitamin K inj,4,1268
Vitaxone-S Inj-Ceftriaxone/Sulbactam Inj-1000/500mg,68,23800
Weighing - first visit,198,19450
Weighing - follow up visits,8609,856399
Well Baby Package - 10 weeks,507,126750
Well Baby Package - 14 weeks,506,126500
Well Baby Package - 6 weeks,441,110250
Well Baby Package - Birth to 2 weeks,42,10500
Wellness package - Adults,16,8800
Wellness package - Children,8,1600
Xifix-Cefixime 400mg-Tabs -400mg,218,13080
Zedcal-Calcium Syr 150ml-Syp-150ml,7,4350
Zefcolin syrup-Dextromethorphan/phenylephrine/cetirizine/racementhol-Syrup,1402,471825
Zefone 1gm-Ceftriaxone i.v 1g-IV-1g,344,34525
Zentel-Albendazole susp 20ml-Syp-20ml,137,27400
Zentel-Albendazole tabs 400mg-Tab-400mg,114,25710
Zimax 500-Azithromycin tabs 500mg-Tab-500mg,5798,646460
Zimax Syrup -Azithromycin susp 200mg/5ml 15ml-Syp-200mg/5ml-15ml,1023,243800
Zinnat (Cefuroxime) tabs 250mg,20,3450
Zinnat-Cefuroxime susp 125mg/5ml 50ml-Syp-125mg/5ml-50ml,199,196240
Zinnat-Cefuroxime tab 500mg-Tab-500mg,2960,1092000
Zinnat-Cefuroxime tabs 250mg-Tab-250mg,1651,297488
Zithromax (Azythromycin) susp 200mg/5ml 30ml,1,1997
Zithromax-Azithromycin susp 200mg/5ml 15ml-Syp-200mg/5ml-15ml,539,601250
Zithromax-Azithromycin tabs 500mg-Tab-500mg,1664,1230400
Zolocan-Fluconazole tabs 200mg,748,11844
Zulu MR tabs,2,80
Zulu Tabs 100mg+500mg,50,1500
Zupricin B- Mupirocin/Betamethasone 15g,41,30370
Zupricin-Mupirocin oint 15gms-Crm-15gms,123,67500
Zyncet syrup-Cetrizine syp 60ml-Syp-60ml,2025,497400
Zyncet-Cetrizine tabs 10mg-Tab-10mg,9150,110344
